{
  "contacts": [
    {
      "name": "Pratiksha Gorgal",
      "photo": "https://cdn1.iconfinder.com/data/icons/elevator/154/elevator-user-man-ui-round-login-1024.png",
      "email": "pratikshagorgal.68@gmail.com",
      "mobile": 122345656645,
      "company": "Infosys",
      "title": "Engineer",
      "groupId": "1",
      "id": "CdA3h0q"
    },
    {
      "name": "Pratiksha Gorgal",
      "email": "pratikshagorgal7@gamil.com",
      "photo": "https://assets.onlinelabels.com/images/clip-art/acspike/acspike_male_user_icon.png",
      "mobile": 7522903490,
      "company": "HCL",
      "title": "Engineer",
      "groupId": "2",
      "id": "dU0MBmZ"
    }
  ],
  "groups": [
    {
      "id": "1",
      "name": "Colleague"
    },
    {
      "id": "2",
      "name": "Friend"
    },
    {
      "id": "3",
      "name": "Family"
    }
  ]
}